{"name":"f2723545-4010-4afa-b3d3-7887e73e68ae","id":"/providers/Microsoft.Flow/flows/f2723545-4010-4afa-b3d3-7887e73e68ae","type":"Microsoft.Flow/flows","properties":{"apiId":"/providers/Microsoft.PowerApps/apis/shared_logicflows","displayName":"Email Archiving Flow Template","definition":{"metadata":{"workflowEntityId":null,"processAdvisorMetadata":null,"flowChargedByPaygo":null,"flowclientsuspensionreason":"None","flowclientsuspensiontime":null,"flowclientsuspensionreasondetails":null,"creator":{"id":"7dd5f4ff-6642-4231-89cb-c2f3b71f50cf","type":"User","tenantId":"1f41d613-d3a1-4ead-918d-2a25b10de330"},"provisioningMethod":"FromDefinition","failureAlertSubscription":true,"clientLastModifiedTime":"2025-02-19T15:41:29.9828648Z","connectionKeySavedTimeKey":"2025-02-19T15:41:29.9828648Z"},"$schema":"https://schema.management.azure.com/providers/Microsoft.Logic/schemas/2016-06-01/workflowdefinition.json#","contentVersion":"undefined","parameters":{"$authentication":{"defaultValue":{},"type":"SecureObject"},"$connections":{"defaultValue":{},"type":"Object"}},"triggers":{"manual":{"type":"Request","kind":"Button","inputs":{"schema":{"type":"object","properties":{"number":{"description":"720","title":"Archive emails older than these many days","type":"number","x-ms-content-hint":"NUMBER","x-ms-dynamically-added":true}},"required":["number"]}}}},"actions":{"Terminate":{"runAfter":{"Do_until":["Succeeded","TimedOut","Skipped","Failed"]},"type":"Terminate","inputs":{"runStatus":"Succeeded"}},"Initialize_temporary_variable_tmpNumberInboxEmailsFound":{"runAfter":{"Initialize_variable_DaysOld":["Succeeded"]},"type":"InitializeVariable","inputs":{"variables":[{"name":"tmpNumberInboxEmailsFound","type":"integer","value":0}]}},"Initialize_variable_DaysOld":{"runAfter":{},"type":"InitializeVariable","inputs":{"variables":[{"name":"DaysOld","type":"integer","value":"@triggerBody()?['number']"}]}},"Do_until":{"actions":{"Get_Received_Messages_Not_Yet_Archived":{"actions":{"Get_List_of_Messages_in_Inbox_Using_Graph_API":{"type":"OpenApiConnection","inputs":{"parameters":{"Uri":"https://graph.microsoft.com/beta/me/messages?$filter=receivedDateTime le @{subtractFromTime(utcNow(),variables('DaysOld'),'day','yyyy-MM-dd')} AND parentFolderId ne 'sentitems' AND parentFolderId ne 'archive' AND not(startswith(subject, 'Accepted:')) AND not(startswith(subject, 'Updated:')) AND not(startswith(subject, 'Canceled:')) AND not(startswith(subject, 'Declined:')) AND isDraft eq false&$select=id,conversationId,subject,sentDateTime,receivedDateTime,hasAttachments,parentFolderId,unsubscribeEnabled,flag,isRead,importance,from,toRecipients,ccRecipients,bccRecipients,bodyPreview,body&$expand=attachments&top=1000","Method":"GET"},"host":{"apiId":"/providers/Microsoft.PowerApps/apis/shared_office365","connectionName":"shared_office365","operationId":"HttpRequest"},"authentication":{"value":"@json(decodeBase64(triggerOutputs().headers['X-MS-APIM-Tokens']))['$ConnectionKey']","type":"Raw"}}},"Loop_Through_Received_Messages":{"foreach":"@body('Get_List_of_Messages_in_Inbox_Using_Graph_API')?['value']","actions":{"DEBUG_Notes_for_Inbox_Loop":{"type":"Compose","inputs":"\nDo stuff here (OneNote, HTML, save as MSG, extract attachments, etc.)\n\n\nView schema at:\nhttps://learn.microsoft.com/en-us/graph/api/resources/message?view=graph-rest-beta\n\nAccess fields using item()?['fieldName']\nE.g. item()?['subject']\n\nAttachment content is in base64 encoding, so before saving it as a file, you must decode it using base64ToString() and decodeBase64().\n\nAfter that, move the message to the Archive folder or you will create an endless loop!\n\nWhen moving to Archive, use graph API so you can use 'archive' as the well-known folder name, otherwise the user must edit the flow and select their archive folder manually."},"Move_Message_from_Inbox_to_Archive":{"runAfter":{"DEBUG_Notes_for_Inbox_Loop":["Succeeded"]},"type":"OpenApiConnection","inputs":{"parameters":{"Uri":"https://graph.microsoft.com/beta/me/messages/@{item()?['id']}/move","Method":"POST","Body":"{\n  \"destinationId\": \"archive\"\n}","ContentType":"application/json"},"host":{"apiId":"/providers/Microsoft.PowerApps/apis/shared_office365","connectionName":"shared_office365","operationId":"HttpRequest"},"authentication":{"value":"@json(decodeBase64(triggerOutputs().headers['X-MS-APIM-Tokens']))['$ConnectionKey']","type":"Raw"}}}},"runAfter":{"Set_variable_tmpNumberInboxEmailsFound":["Succeeded"]},"type":"Foreach"},"Set_variable_tmpNumberInboxEmailsFound":{"runAfter":{"Get_List_of_Messages_in_Inbox_Using_Graph_API":["Succeeded"]},"type":"SetVariable","inputs":{"name":"tmpNumberInboxEmailsFound","value":"@length(body('Get_List_of_Messages_in_Inbox_Using_Graph_API')?['value'])"}}},"runAfter":{"Reset_sent_items_count_variable":["Succeeded"]},"type":"Scope"},"Get_Sent_Messages_Not_Yet_Archived":{"actions":{"Get_List_of_Messages_in_Sent_Items_Using_Graph_API":{"type":"OpenApiConnection","inputs":{"parameters":{"Uri":"https://graph.microsoft.com/beta/me/messages?$filter=sentDateTime le @{subtractFromTime(utcNow(),variables('DaysOld'),'day','yyyy-MM-dd')} AND parentFolderId eq 'sentitems' AND parentFolderId ne 'archive' AND not(startswith(subject, 'Accepted:')) AND not(startswith(subject, 'Updated:')) AND not(startswith(subject, 'Canceled:')) AND not(startswith(subject, 'Declined:')) AND isDraft eq false&$select=id,conversationId,subject,sentDateTime,receivedDateTime,hasAttachments,parentFolderId,unsubscribeEnabled,flag,isRead,importance,from,toRecipients,ccRecipients,bccRecipients,bodyPreview,body&$expand=attachments&top=1000","Method":"GET"},"host":{"apiId":"/providers/Microsoft.PowerApps/apis/shared_office365","connectionName":"shared_office365","operationId":"HttpRequest"},"authentication":{"value":"@json(decodeBase64(triggerOutputs().headers['X-MS-APIM-Tokens']))['$ConnectionKey']","type":"Raw"}}},"Loop_Through_Sent_Messages":{"foreach":"@body('Get_List_of_Messages_in_Sent_Items_Using_Graph_API')?['value']","actions":{"DEBUG_Notes_for_Sent_Items_Loop":{"type":"Compose","inputs":"\nDo stuff here (OneNote, HTML, save as MSG, extract attachments, etc.)\n\n\nView schema at:\nhttps://learn.microsoft.com/en-us/graph/api/resources/message?view=graph-rest-beta\n\nAccess fields using item()?['fieldName']\nE.g. item()?['subject']\n\nAttachment content is in base64 encoding, so before saving it as a file, you must decode it using base64ToString() and decodeBase64().\n\nAfter that, move the message to the Archive folder or you will create an endless loop!\n\nWhen moving to Archive, use graph API so you can use 'archive' as the well-known folder name, otherwise the user must edit the flow and select their archive folder manually."},"Move_Message_from_Sent_Items_to_Archive":{"runAfter":{"DEBUG_Notes_for_Sent_Items_Loop":["Succeeded"]},"type":"OpenApiConnection","inputs":{"parameters":{"Uri":"https://graph.microsoft.com/beta/me/messages/@{item()?['id']}/move","Method":"POST","Body":"{\n  \"destinationId\": \"archive\"\n}","ContentType":"application/json"},"host":{"apiId":"/providers/Microsoft.PowerApps/apis/shared_office365","connectionName":"shared_office365","operationId":"HttpRequest"},"authentication":{"value":"@json(decodeBase64(triggerOutputs().headers['X-MS-APIM-Tokens']))['$ConnectionKey']","type":"Raw"}}}},"runAfter":{"Set_variable_tmpNumberSentEmailsFound":["Succeeded"]},"type":"Foreach"},"Set_variable_tmpNumberSentEmailsFound":{"runAfter":{"Get_List_of_Messages_in_Sent_Items_Using_Graph_API":["Succeeded"]},"type":"SetVariable","inputs":{"name":"tmpNumberSentEmailsFound","value":"@length(body('Get_List_of_Messages_in_Sent_Items_Using_Graph_API')?['value'])"}}},"runAfter":{"Reset_sent_items_count_variable":["Succeeded"]},"type":"Scope"},"Empty_Compose_to_Close_Out_Scope_Errors":{"runAfter":{"Get_Received_Messages_Not_Yet_Archived":["Succeeded","Failed","Skipped","TimedOut"],"Get_Sent_Messages_Not_Yet_Archived":["Succeeded","Failed","Skipped","TimedOut"]},"type":"Compose","inputs":"Blank"},"Reset_inbox_count_variable":{"type":"SetVariable","inputs":{"name":"tmpNumberInboxEmailsFound","value":0}},"Reset_sent_items_count_variable":{"runAfter":{"Reset_inbox_count_variable":["Succeeded"]},"type":"SetVariable","inputs":{"name":"tmpNumberSentEmailsFound","value":0}}},"runAfter":{"Initialize_temporary_variable_tmpNumberSentEmailsFound":["Succeeded"]},"expression":"@lessOrEquals(add(variables('tmpNumberInboxEmailsFound'), variables('tmpNumberSentEmailsFound')),0)","limit":{"count":100,"timeout":"PT2H"},"type":"Until"},"Initialize_temporary_variable_tmpNumberSentEmailsFound":{"runAfter":{"Initialize_temporary_variable_tmpNumberInboxEmailsFound":["Succeeded"]},"type":"InitializeVariable","inputs":{"variables":[{"name":"tmpNumberSentEmailsFound","type":"integer","value":0}]}}},"description":"Email archiving flow template from the Eisenberg Family Depression Center. Allows getting all emails older than the specified number of days, and doing something with them (you must do this part yourself), then moving them to the Archive folder."},"connectionReferences":{"shared_office365":{"connectionName":"shared-office365-1479c526-ab89-41d4-9a48-50388a2b1bd1","source":"Invoker","id":"/providers/Microsoft.PowerApps/apis/shared_office365","tier":"NotSpecified","apiName":"office365"}},"flowFailureAlertSubscribed":false,"isManaged":false}}