{"name":"e2c42428-c5dc-4a38-a5f6-20ac872efcf8","id":"/providers/Microsoft.Flow/flows/e2c42428-c5dc-4a38-a5f6-20ac872efcf8","type":"Microsoft.Flow/flows","properties":{"apiId":"/providers/Microsoft.PowerApps/apis/shared_logicflows","displayName":"flag email to onedrive with attachment and excel log","definition":{"metadata":{"workflowEntityId":null,"processAdvisorMetadata":null,"flowChargedByPaygo":null,"flowclientsuspensionreason":"None","flowclientsuspensiontime":null,"flowclientsuspensionreasondetails":null,"creator":{"id":"8fea7f7b-b329-4cb8-901c-a3dd78d10c99","type":"User","tenantId":"1f41d613-d3a1-4ead-918d-2a25b10de330"},"provisioningMethod":"FromDefinition","failureAlertSubscription":true,"clientLastModifiedTime":"2025-01-29T20:23:20.3541854Z","connectionKeySavedTimeKey":"2025-01-29T20:23:20.3541854Z"},"$schema":"https://schema.management.azure.com/providers/Microsoft.Logic/schemas/2016-06-01/workflowdefinition.json#","contentVersion":"1.0.0.0","parameters":{"$authentication":{"defaultValue":{},"type":"SecureObject"},"$connections":{"defaultValue":{},"type":"Object"}},"triggers":{"When_an_email_is_flagged_(V4)":{"splitOn":"@triggerOutputs()?['body/value']","type":"OpenApiConnectionNotification","inputs":{"host":{"apiId":"/providers/Microsoft.PowerApps/apis/shared_office365","connectionName":"shared_office365","operationId":"OnFlaggedEmailV4"},"authentication":"@parameters('$authentication')"}}},"actions":{"Initialize_variable_email_body_content":{"runAfter":{},"type":"InitializeVariable","inputs":{"variables":[{"name":"File Content","type":"string"}]}},"Set_variable_email_body_content":{"runAfter":{"Initialize_variable_email_body_content":["Succeeded"]},"type":"SetVariable","inputs":{"name":"File Content","value":"<html>\n    <body>\n        <h1>Email Subject: @{triggerOutputs()?['body/subject']}</h1>\n        <p><strong>Sender:</strong> @{triggerOutputs()?['body/from']}</p>\n        <p><strong>Received:</strong>@{convertTimeZone(triggerOutputs()?['body/receivedDateTime'], 'UTC', 'Eastern Standard Time', 'dd/MM/yyyy hh:mm tt')} </p>\n        <p><strong>Email Body:</strong></p>\n        <p>@{triggerOutputs()?['body/body']}</p>\n    </body>\n</html>\n"}},"Create_file_in_EmailArchive":{"runAfter":{"Set_variable_email_body_content":["Succeeded"]},"type":"OpenApiConnection","inputs":{"parameters":{"folderPath":"/EmailArchive","name":"@concat(triggerOutputs()?['body/subject'], '.html')","body":"@variables('File Content')"},"host":{"apiId":"/providers/Microsoft.PowerApps/apis/shared_onedriveforbusiness","connectionName":"shared_onedriveforbusiness","operationId":"CreateFile"},"authentication":"@parameters('$authentication')"},"runtimeConfiguration":{"contentTransfer":{"transferMode":"Chunked"}}},"Condition_when_flagged_email_has_attachment":{"actions":{"Filter_array_filters_for_pdf,_excel,_word_and_ppt":{"type":"Query","inputs":{"from":"@triggerOutputs()?['body/attachments']","where":"@or(\r\n    endsWith(toLower(item()?['name']), '.pdf'),\r\n    endsWith(toLower(item()?['name']), '.docx'),\r\n    endsWith(toLower(item()?['name']), '.xlsx'),\r\n    endsWith(toLower(item()?['name']), '.pptx'),\r\n    endsWith(toLower(item()?['name']), '.doc')\r\n)\r\n"}}},"runAfter":{"For_each_Attachment":["Succeeded"]},"else":{"actions":{}},"expression":{"and":[{"not":{"equals":["@triggerOutputs()?['body/attachments']",""]}}]},"type":"If"},"Apply_to_each_filtered_attachment":{"foreach":"@body('Filter_array_filters_for_pdf,_excel,_word_and_ppt')","actions":{"Create_file__attachment__saves_file_attachment_to_Attachments_folder":{"type":"OpenApiConnection","inputs":{"parameters":{"folderPath":"/Attachments","name":"@item()?['name']","body":"@variables('File Content')"},"host":{"apiId":"/providers/Microsoft.PowerApps/apis/shared_onedriveforbusiness","connectionName":"shared_onedriveforbusiness","operationId":"CreateFile"},"authentication":"@parameters('$authentication')"},"runtimeConfiguration":{"contentTransfer":{"transferMode":"Chunked"}}},"For_each__saved_attachment_logs_email_info_to_EMAIL_LOG_in_Attachments_folder":{"foreach":"@triggerOutputs()?['body/attachments']","actions":{"Add_a_row_into_a_table_-_connect_EMAIL_LOG_to_flow":{"metadata":{"01JR2KM3K3YF5W6ZH5DFH3ASYYFQOMTJ5G":"/Attachments/EMAIL_LOG.xlsx","tableId":"{4B71FC3D-EAD8-441E-A050-01922D9FC416}"},"type":"OpenApiConnection","inputs":{"parameters":{"source":"me","drive":"b!JNoTW6tE_UuXP4q9iAp5GlJouiM8GYlPjK0Aa5g061Rk3c0L5ASVTp89raHNAP7L","file":"01JR2KM3K3YF5W6ZH5DFH3ASYYFQOMTJ5G","table":"{4B71FC3D-EAD8-441E-A050-01922D9FC416}","dateTimeFormat":"ISO 8601","item/Received Time":"@convertTimeZone(triggerOutputs()?['body/receivedDateTime'], 'UTC', 'Eastern Standard Time', 'yyyy-MM-dd HH:mm:ss')","item/From":"@triggerOutputs()?['body/from']","item/To":"@triggerOutputs()?['body/toRecipients']","item/CC ":"@triggerOutputs()?['body/ccRecipients']","item/Subject":"@triggerOutputs()?['body/subject']","item/Attachment":"@item()?['name']"},"host":{"apiId":"/providers/Microsoft.PowerApps/apis/shared_excelonlinebusiness","connectionName":"shared_excelonlinebusiness","operationId":"AddRowV2"},"authentication":"@parameters('$authentication')"}}},"runAfter":{"Create_file__attachment__saves_file_attachment_to_Attachments_folder":["Succeeded"]},"type":"Foreach"}},"runAfter":{"Condition_when_flagged_email_has_attachment":["Succeeded"]},"type":"Foreach"},"For_each_Attachment":{"foreach":"@triggerOutputs()?['body/attachments']","actions":{"Get_Attachment_(V2)":{"type":"OpenApiConnection","inputs":{"parameters":{"messageId":"@triggerOutputs()?['body/id']","attachmentId":"@item()?['id']"},"host":{"apiId":"/providers/Microsoft.PowerApps/apis/shared_office365","connectionName":"shared_office365","operationId":"GetAttachment_V2"},"authentication":"@parameters('$authentication')"}}},"runAfter":{"Create_file_in_EmailArchive":["Succeeded"]},"type":"Foreach"}},"outputs":{},"description":""},"connectionReferences":{"shared_office365":{"connectionName":"shared-office365-b7559fd1-57e4-4be1-90bd-72a4966e168e","source":"Embedded","id":"/providers/Microsoft.PowerApps/apis/shared_office365","tier":"NotSpecified","apiName":"office365"},"shared_onedriveforbusiness":{"connectionName":"shared-onedriveforbu-14c24f01-0f81-4348-807e-948ca3558141","source":"Embedded","id":"/providers/Microsoft.PowerApps/apis/shared_onedriveforbusiness","tier":"NotSpecified","apiName":"onedriveforbusiness"},"shared_excelonlinebusiness":{"connectionName":"shared-excelonlinebu-4fb1d937-e335-4be4-8bf0-80579df32d79","source":"Embedded","id":"/providers/Microsoft.PowerApps/apis/shared_excelonlinebusiness","tier":"NotSpecified","apiName":"excelonlinebusiness"}},"flowFailureAlertSubscribed":false,"isManaged":false}}